,district,margin,dir_margin,party,sample_size,state,conf_vte,conf_cty,conf_ste,conf_ntl
200,200,9.137372049891693,9.137372049891693,REPUBLICAN,166.0,Alaska,3.5300541881123464,3.3998272473949975,3.3243361993469343,2.602736867878314
101,101,28.83111752639976,28.83111752639976,REPUBLICAN,31.0,Alabama,3.8098679200176853,3.473119942905842,3.380897530795802,2.4620247330681724
102,102,30.54000902595456,30.54000902595456,REPUBLICAN,17.0,Alabama,3.563529970427209,3.2113698603360605,3.177508322351379,1.9443512762373774
103,103,35.00220336773897,35.00220336773897,REPUBLICAN,28.0,Alabama,3.6904598075010893,3.5098746262913654,3.5171316609779675,2.1284329094929975
104,104,64.55889242804902,64.55889242804902,REPUBLICAN,29.0,Alabama,3.7642762033939143,3.755550974418725,3.675418624136553,2.15422519813595
105,105,91.62174439733495,91.62174439733495,REPUBLICAN,19.0,Alabama,3.8216868324699607,3.774732053331565,3.6763396207897445,3.332078515331203
106,106,94.2599225539483,94.2599225539483,REPUBLICAN,31.0,Alabama,3.6279556792934677,3.429134221264434,3.3848227946276683,2.6934716920065136
107,107,94.3279200795417,-94.3279200795417,DEMOCRAT,7.0,Alabama,3.402035488578247,3.10882784223642,3.10882784223642,2.502185729891376
501,501,100.0,100.0,REPUBLICAN,49.0,Arkansas,3.544354391632058,3.445787274040007,3.425030668957487,2.6172841523306376
502,502,10.731632496548903,10.731632496548903,REPUBLICAN,46.0,Arkansas,3.586458532407382,3.5324808306700546,3.501827921520868,2.5872026895283198
503,503,32.49995512502169,32.49995512502169,REPUBLICAN,50.0,Arkansas,3.708329946977016,3.6190067942478965,3.4099741700557504,2.337479189525912
504,504,42.1280927881906,42.1280927881906,REPUBLICAN,21.0,Arkansas,3.564023543811255,3.512961325036789,3.3557123542884475,2.3610358466876042
401,401,3.2203473374628264,-3.2203473374628264,DEMOCRAT,122.0,Arizona,3.3727890953339483,3.163203446637312,2.9092037814048,2.6601236715065144
402,402,10.226896975231856,-10.226896975231856,DEMOCRAT,141.0,Arizona,3.3580475254873616,3.233954489706395,3.082833533071169,2.9001402978212822
403,403,29.146855323769532,-29.146855323769532,DEMOCRAT,79.0,Arizona,3.6835977717255197,3.4516198072428956,3.205631585267856,2.96914011103016
404,404,39.5155322196662,39.5155322196662,REPUBLICAN,109.0,Arizona,3.1559420174945383,2.9297343828771254,2.581151527175192,2.1902893757933906
405,405,17.78116354057044,17.78116354057044,REPUBLICAN,72.0,Arizona,3.307462045829187,3.120178700446262,2.99240614529093,2.6543699557381917
406,406,4.34543045849933,4.34543045849933,REPUBLICAN,119.0,Arizona,3.5894285803744395,3.374432769389451,3.2815776078407857,3.0683642138149847
407,407,53.4116403686055,-53.4116403686055,DEMOCRAT,89.0,Arizona,3.646334879093686,3.509342348458922,3.5020591000659262,3.2864199202164928
408,408,19.12977818385815,19.12977818385815,REPUBLICAN,96.0,Arizona,3.4956837600356896,3.259020902308455,3.2570765558347916,2.8378340671085773
409,409,23.25292244105441,-23.25292244105441,DEMOCRAT,37.0,Arizona,3.6276888460757286,3.59790054313659,3.3336158806580825,3.137334621606959
601,601,13.98888526026969,13.98888526026969,REPUBLICAN,5.0,California,3.2350508897723773,3.2350508897723773,2.8389118868859824,2.328179876343158
602,602,51.47586526218312,-51.47586526218312,DEMOCRAT,5.0,California,3.587552106417781,3.587552106417781,3.1367385036409767,3.483125611715419
603,603,9.347553324968633,-9.347553324968633,DEMOCRAT,7.0,California,3.1947833499169556,3.0694625698616345,2.6963400976859617,2.3619031015936427
604,604,11.890810864617599,11.890810864617599,REPUBLICAN,5.0,California,3.4208873042897876,3.4208873042897876,2.050040729717807,1.5971942019271916
605,605,52.18145093418617,-52.18145093418617,DEMOCRAT,2.0,California,4.0,4.0,4.0,3.458406425682522
606,606,46.686510344475174,-46.686510344475174,DEMOCRAT,4.0,California,4.0,4.0,3.820036519966227,3.623018645449079
607,607,13.247822067115491,-13.247822067115491,DEMOCRAT,2.0,California,2.7959524881322686,2.7959524881322686,2.7959524881322686,2.1973016587548457
608,608,12.11927477208586,12.11927477208586,REPUBLICAN,4.0,California,3.1805471897860507,2.478846316160913,2.3133411967621917,2.3133411967621917
609,609,15.166055318727075,-15.166055318727075,DEMOCRAT,1.0,California,3.0,3.0,3.0,4.0
610,610,10.326155229525213,-10.326155229525213,DEMOCRAT,2.0,California,4.0,4.0,3.5058484640379035,3.494151535962097
611,611,45.98552332532664,-45.98552332532664,DEMOCRAT,8.0,California,3.342369791474387,3.4235184126286877,2.8769122414690393,2.8905135341071064
612,612,55.2698718831795,-55.2698718831795,DEMOCRAT,4.0,California,3.81392166343124,3.62784332686248,3.62784332686248,3.2547778114656944
613,613,80.73138598415734,-80.73138598415734,DEMOCRAT,3.0,California,3.1658385082875444,2.7878637344836608,2.7878637344836608,1.9537022427712059
615,615,41.80933233343352,-41.80933233343352,DEMOCRAT,3.0,California,3.4546984698380485,3.2260352649502986,3.2260352649502986,3.2260352649502986
616,616,18.756603869348357,-18.756603869348357,DEMOCRAT,5.0,California,3.841564444031864,3.841564444031864,3.4345563784577693,3.31027012365479
617,617,42.69176958054188,-42.69176958054188,DEMOCRAT,3.0,California,3.732795679677913,3.732795679677913,3.4655913593558254,2.9234359343493104
618,618,26.337323000299296,-26.337323000299296,DEMOCRAT,3.0,California,3.7035294661153677,4.0,4.0,3.4472283697573887
619,619,43.364629888156614,-43.364629888156614,DEMOCRAT,2.0,California,4.0,4.0,3.6069125808025864,3.213825161605173
620,620,53.55237656941735,-53.55237656941735,DEMOCRAT,1.0,California,4.0,4.0,4.0,4.0
621,621,0.8935385771484261,0.8935385771484261,REPUBLICAN,5.0,California,3.458798729441032,3.7538881359579865,3.1527584454288533,2.90664658138684
623,623,24.280179538609296,24.280179538609296,REPUBLICAN,1.0,California,4.0,3.0,4.0,3.0
624,624,17.326857000924534,-17.326857000924534,DEMOCRAT,4.0,California,2.9316563819660892,2.9316563819660892,2.6954983220602453,2.9316563819660892
625,625,0.0982466078367159,0.0982466078367159,REPUBLICAN,4.0,California,3.364959701344515,3.5702644601694877,3.5702644601694877,3.364959701344515
627,627,39.55149093338544,-39.55149093338544,DEMOCRAT,6.0,California,3.830090220486498,3.9400343682122294,3.770124588698727,3.72626368556934
628,628,45.313341205654986,-45.313341205654986,DEMOCRAT,7.0,California,3.908272396854066,3.293033390743447,3.293033390743447,3.2013057875975135
629,629,13.224362864077671,-13.224362864077671,DEMOCRAT,1.0,California,4.0,3.0,2.0,2.0
630,630,38.96556515295371,-38.96556515295371,DEMOCRAT,1.0,California,4.0,4.0,3.0,2.0
632,632,33.15522020326455,-33.15522020326455,DEMOCRAT,5.0,California,4.0,4.0,4.0,3.586127699893825
633,633,35.16039828824377,-35.16039828824377,DEMOCRAT,3.0,California,4.0,4.0,4.0,3.597949768262092
634,634,5.959697291400856,-5.959697291400856,DEMOCRAT,1.0,California,4.0,4.0,4.0,4.0
635,635,38.659933045762976,-38.659933045762976,DEMOCRAT,2.0,California,3.6025529257167923,3.6025529257167923,3.2051058514335837,2.8076587771503756
636,636,20.67890069708554,-20.67890069708554,DEMOCRAT,6.0,California,4.0,4.0,4.0,4.0
637,637,71.87994106958038,-71.87994106958038,DEMOCRAT,3.0,California,4.0,3.6559932732161267,4.0,3.6562171059120923
638,638,48.68270063932929,-48.68270063932929,DEMOCRAT,4.0,California,2.798973068702493,2.9422005457410783,2.610504364045294,1.9631041821316013
639,639,1.1952307123970645,1.1952307123970645,REPUBLICAN,1.0,California,1.0,1.0,1.0,1.0
640,640,45.478348114882955,-45.478348114882955,DEMOCRAT,1.0,California,4.0,4.0,4.0,4.0
641,641,28.060387016182165,-28.060387016182165,DEMOCRAT,2.0,California,2.632460091932887,2.632460091932887,1.6324600919328869,1.0
642,642,14.264754229758699,14.264754229758699,REPUBLICAN,4.0,California,3.1043948840507296,3.0305934692255363,3.0305934692255363,2.438439852329728
643,643,43.36914983195273,-43.36914983195273,DEMOCRAT,1.0,California,4.0,4.0,4.0,4.0
645,645,6.9280062852612065,-6.9280062852612065,DEMOCRAT,3.0,California,4.0,4.0,4.0,3.69279053027686
646,646,37.50757017937513,-37.50757017937513,DEMOCRAT,2.0,California,2.5,2.0,1.0,1.0
647,647,26.54375897160877,-26.54375897160877,DEMOCRAT,2.0,California,2.529113442959092,2.529113442959092,2.529113442959092,2.529113442959092
648,648,2.119969627942293,2.119969627942293,REPUBLICAN,3.0,California,2.662124272327976,2.3242485446559518,1.4712995183549615,1.897774031505457
649,649,6.2591525099222265,-6.2591525099222265,DEMOCRAT,5.0,California,3.3899894137423257,2.530205149946782,2.8153890035086024,1.911058480022075
650,650,7.906399183200419,7.906399183200419,REPUBLICAN,2.0,California,4.0,4.0,3.2268948596757503,3.2268948596757503
651,651,36.6095109244876,-36.6095109244876,DEMOCRAT,9.0,California,3.6212273338262264,3.5615999562575045,3.3456830848291803,3.2827234686222466
652,652,23.151616035511164,-23.151616035511164,DEMOCRAT,3.0,California,4.0,3.676206916334194,3.676206916334194,3.0
653,653,19.002084465654097,-19.002084465654097,DEMOCRAT,3.0,California,3.3815584170740944,3.3815584170740944,2.9999999999999996,2.11943725832469
801,801,50.11570321348464,-50.11570321348464,DEMOCRAT,50.0,Colorado,3.7246329596991186,3.6105149808651715,3.587986676133682,3.2086476461900157
802,802,26.05926738974873,-26.05926738974873,DEMOCRAT,36.0,Colorado,3.484715828471036,3.5353354185741805,3.4303951387875324,2.9205301470675957
803,803,6.1753614445202745,6.1753614445202745,REPUBLICAN,24.0,Colorado,3.1944881635405697,3.264234561923195,2.7400736214991546,2.2817494989140195
804,804,23.502284748488236,23.502284748488236,REPUBLICAN,22.0,Colorado,3.767711474583725,3.472823781035076,3.454161884474871,2.976267775087551
805,805,20.215445170869113,20.215445170869113,REPUBLICAN,27.0,Colorado,3.3837848757168736,3.349419331007799,3.1626025973291427,2.5791200320455547
806,806,17.132639866080694,-17.132639866080694,DEMOCRAT,16.0,Colorado,3.6952170835925817,3.6315947556679844,3.665663047938956,2.731950899720663
807,807,21.530785407289745,-21.530785407289745,DEMOCRAT,10.0,Colorado,3.488105390752343,2.5685892530172323,2.6517559832333903,1.7339435875583125
901,901,26.025306596952785,-26.025306596952785,DEMOCRAT,57.0,Connecticut,3.8170407139741194,3.7253707739202935,3.640112938628671,3.3393276340667217
902,902,18.224458073701435,-18.224458073701435,DEMOCRAT,29.0,Connecticut,3.494792432796122,3.3165836632503565,3.21157405410176,2.799476511193299
903,903,18.11339398965048,-18.11339398965048,DEMOCRAT,41.0,Connecticut,3.4323588087338286,3.388961041170239,3.4197578953876264,3.036121801829413
904,904,26.005222945475108,-26.005222945475108,DEMOCRAT,32.0,Connecticut,3.7083197297455213,3.538818512733411,3.4876394893045974,2.9901709858008263
905,905,9.100662615442715,-9.100662615442715,DEMOCRAT,18.0,Connecticut,3.864419317063661,3.4290350181090723,3.3861431945546325,3.2447719358112397
1100,1100,78.84431557018627,-78.84431557018627,DEMOCRAT,173.0,District of Columbia,3.8465230718223107,3.856750557587043,3.874090835870901,3.6719398227885756
1000,1000,17.406353042374096,-17.406353042374096,DEMOCRAT,174.0,Delaware,3.6161078661807995,3.5005272378877823,3.4548538855912576,2.9894940823248786
1201,1201,30.59544602587547,30.59544602587547,REPUBLICAN,25.0,Florida,3.782933096202676,3.623538719983974,3.1676158017855744,2.8138348631724903
1202,1202,95.72947349190221,95.72947349190221,REPUBLICAN,54.0,Florida,3.624213047853289,3.4829361467722,3.341925973352293,2.6093478091567874
1203,1203,14.279932684598656,14.279932684598656,REPUBLICAN,35.0,Florida,3.618344330411249,3.5186198325244247,3.187256897070708,2.7868966579568495
1204,1204,22.19550837723294,22.19550837723294,REPUBLICAN,50.0,Florida,3.5737528007084776,3.368851684298414,3.178318234225582,2.7543013542385473
1205,1205,30.25553976134586,-30.25553976134586,DEMOCRAT,15.0,Florida,3.5198706751949524,3.5198706751949524,3.202959127232967,3.331062189669427
1206,1206,21.259957611634874,21.259957611634874,REPUBLICAN,55.0,Florida,3.689336240658859,3.6214321480027905,3.450140198717023,2.6182797230887607
1207,1207,12.103855588277987,-12.103855588277987,DEMOCRAT,43.0,Florida,3.8153804381238157,3.794215447499225,3.5003139347561656,3.035688262426473
1208,1208,22.705681748979963,22.705681748979963,REPUBLICAN,36.0,Florida,3.5771234088062784,3.44346537392258,3.4849618211468845,2.5569958309362644
1209,1209,12.064808047705277,-12.064808047705277,DEMOCRAT,37.0,Florida,3.409264087200318,3.1094096397187054,3.082043964405886,2.4948714489584995
1210,1210,27.243840944534625,-27.243840944534625,DEMOCRAT,35.0,Florida,3.486873890925605,3.3703512868547403,3.2597628243621264,2.6542974128901693
1211,1211,33.4443338181711,33.4443338181711,REPUBLICAN,41.0,Florida,3.8543112063759106,3.577160156096206,3.30370315539786,2.5836858523026587
1212,1212,25.764286581261654,25.764286581261654,REPUBLICAN,40.0,Florida,3.664982607794708,3.6130967565650716,3.4335636483605185,2.967697864818504
1213,1213,6.079901508156356,-6.079901508156356,DEMOCRAT,34.0,Florida,3.8211377103263677,3.5895050789787906,3.5735864436741056,2.956829629729666
1214,1214,20.515080508201304,-20.515080508201304,DEMOCRAT,29.0,Florida,3.689971765211659,3.6122958012887776,3.3041877797552814,3.4635584511089808
1215,1215,10.770443672553121,10.770443672553121,REPUBLICAN,25.0,Florida,3.75800969788275,3.6668030569162915,3.586099183401731,2.641063519745906
1216,1216,11.0005694431836,11.0005694431836,REPUBLICAN,39.0,Florida,3.67961581969985,3.680929943677802,3.3821682424704,2.9666137267620094
1217,1217,30.55963064716766,30.55963064716766,REPUBLICAN,33.0,Florida,3.8046192756032986,3.5810171479076236,3.086417080887002,2.560618450665744
1218,1218,14.811882949390732,14.811882949390732,REPUBLICAN,36.0,Florida,3.737676202205361,3.575368308250264,3.3258918939187767,2.2947120087750954
1219,1219,22.558812746154313,22.558812746154313,REPUBLICAN,29.0,Florida,3.1890519341387136,3.019821911106414,2.8861416162706326,2.0842898978273614
1220,1220,57.353547822796514,-57.353547822796514,DEMOCRAT,33.0,Florida,3.892085328475848,3.696285593558218,3.516142714974106,3.3851440752674864
1221,1221,19.924186229976705,-19.924186229976705,DEMOCRAT,27.0,Florida,3.9188745052638856,3.596256305890337,3.6418009992460956,3.1703576374468843
1222,1222,17.203101037241776,-17.203101037241776,DEMOCRAT,17.0,Florida,3.900406760089938,3.3595715166626,3.1078767731496515,2.760817819232355
1223,1223,16.403381413797096,-16.403381413797096,DEMOCRAT,30.0,Florida,3.485291980429104,3.353742700918572,3.4081148879586958,2.9935810242994805
1224,1224,55.151948294077435,-55.151948294077435,DEMOCRAT,17.0,Florida,3.253461335388472,3.258254474435101,3.1954230555547793,2.6764052691018247
1225,1225,100.0,100.0,REPUBLICAN,5.0,Florida,3.8437869155219926,3.3895577147931015,3.6080395684379387,2.841384198753033
1226,1226,3.4486180427866797,3.4486180427866797,REPUBLICAN,32.0,Florida,3.6585448391628113,3.651998555400305,3.465077706053826,2.425547542952805
1227,1227,2.7357679131132007,2.7357679131132007,REPUBLICAN,16.0,Florida,3.9154586278682433,3.7644393723561693,3.568283260800719,3.1716973630911216
1301,1301,16.698440074531483,16.698440074531483,REPUBLICAN,72.0,Georgia,3.5086893618493837,3.2489405693123694,2.7250526279826417,2.5035918624443285
1302,1302,18.231062798039805,-18.231062798039805,DEMOCRAT,60.0,Georgia,3.309716138071235,3.356320933193978,3.059668208596494,2.870139621839802
1303,1303,30.091188684631504,30.091188684631504,REPUBLICAN,81.0,Georgia,3.3800780631942366,3.143090244957763,2.6457347482685236,2.462269306150433
1304,1304,60.15320170313437,-60.15320170313437,DEMOCRAT,99.0,Georgia,3.486673430885454,3.3027340630583533,3.161340724880957,3.162843654658485
1305,1305,70.2986998699588,-70.2986998699588,DEMOCRAT,96.0,Georgia,3.528037734530331,3.3119123987147976,3.208625659841235,3.162222187346279
1306,1306,9.177948346025222,-9.177948346025222,DEMOCRAT,92.0,Georgia,3.526125012841901,3.2785619244712345,3.1094151348770724,2.972204497210302
1307,1307,2.7825038227122953,-2.7825038227122953,DEMOCRAT,44.0,Georgia,3.6167671363926996,3.30144005992736,3.0083427993228584,2.9671359264853097
1308,1308,29.03676143539396,29.03676143539396,REPUBLICAN,41.0,Georgia,3.430740375001981,3.367598642348189,2.9153756060749694,2.5741112987272214
1309,1309,57.16137829589286,57.16137829589286,REPUBLICAN,69.0,Georgia,3.4176766684233146,3.3527341125803605,2.603744714087188,2.4004960408119542
1310,1310,24.6201571690545,24.6201571690545,REPUBLICAN,35.0,Georgia,3.5655694192663354,3.5025399466490446,2.964266322378608,2.7097634466940868
1311,1311,20.852365958579096,20.852365958579096,REPUBLICAN,59.0,Georgia,3.2053590210259677,3.1368728468349807,2.74552217488495,2.4472247840498946
1312,1312,16.761421352535802,16.761421352535802,REPUBLICAN,38.0,Georgia,3.2697718686638257,3.092959684443937,2.8178094986736637,2.632049814756513
1313,1313,54.79169786622737,-54.79169786622737,DEMOCRAT,19.0,Georgia,3.3119067490353773,2.837158770157516,2.5827044242361232,2.5229531472110898
1314,1314,49.42023567655425,49.42023567655425,REPUBLICAN,35.0,Georgia,3.4455228880239903,3.3887900321489948,2.4067918927971013,2.1284339063791267
1501,1501,39.53910969344549,-39.53910969344549,DEMOCRAT,81.0,Hawaii,3.4090674573420054,3.3486232704946857,3.3593301242139844,3.0594116145022396
1502,1502,29.51993413771695,-29.51993413771695,DEMOCRAT,89.0,Hawaii,3.5134160112402157,3.4887997887211912,3.504324595791929,3.0532063983828257
1901,1901,2.533427993895809,2.533427993895809,REPUBLICAN,224.0,Iowa,3.6342602520814906,3.598201065547906,3.5403768364708363,2.7586937392234177
1902,1902,0.0014493138706583991,0.0014493138706583991,REPUBLICAN,210.0,Iowa,3.6976988253676693,3.5903305107009085,3.4848214857640056,2.9138294252760155
1903,1903,1.3471842157230807,-1.3471842157230807,DEMOCRAT,256.0,Iowa,3.6114970266415867,3.5270956172487473,3.4743587459025145,2.8772969373203865
1904,1904,23.0657916038805,23.0657916038805,REPUBLICAN,186.0,Iowa,3.6453139494902382,3.5802015601626778,3.4386593872854734,2.6821149128768282
1601,1601,39.11151041484945,39.11151041484945,REPUBLICAN,108.0,Idaho,3.544209750401573,3.5304895820240905,3.50868800372524,2.392151227772979
1602,1602,32.33001050256431,32.33001050256431,REPUBLICAN,65.0,Idaho,3.751201724343622,3.698074701881374,3.585654650048869,2.447801187394802
1701,1701,47.648428440928505,-47.648428440928505,DEMOCRAT,16.0,Illinois,3.8012080364436063,3.6082987349501168,3.6137981881913057,3.4319960409468373
1702,1702,57.62822190458935,-57.62822190458935,DEMOCRAT,4.0,Illinois,3.8758022425709213,3.8758022425709213,3.8758022425709213,3.8758022425709213
1703,1703,12.757456460527688,-12.757456460527688,DEMOCRAT,3.0,Illinois,3.654993799900299,4.0,3.654993799900299,3.363661844915746
1704,1704,68.10767856260972,-68.10767856260972,DEMOCRAT,7.0,Illinois,3.881405259347382,3.881405259347382,3.881405259347382,3.613343985229183
1705,1705,44.13888742799726,-44.13888742799726,DEMOCRAT,15.0,Illinois,3.4254378566423207,3.399545322499695,3.4292200108968585,3.2395980337777144
1706,1706,7.383871900224091,-7.383871900224091,DEMOCRAT,12.0,Illinois,3.7834655510890816,3.540929879507741,3.481653833482637,2.9785793807794554
1707,1707,67.06682402104937,-67.06682402104937,DEMOCRAT,3.0,Illinois,4.0,4.0,4.0,4.0
1708,1708,46.32136319713408,-46.32136319713408,DEMOCRAT,9.0,Illinois,3.7225662788013474,3.577246368305243,3.2167366400924116,3.267150255149399
1709,1709,41.96440664192648,-41.96440664192648,DEMOCRAT,8.0,Illinois,4.0,4.0,3.895749377119602,3.7091276489221596
1710,1710,27.758667482974303,-27.758667482974303,DEMOCRAT,13.0,Illinois,3.8770407142179573,3.6217433719834364,3.553426687929493,3.3298666567949673
1711,1711,26.596004255360683,-26.596004255360683,DEMOCRAT,11.0,Illinois,3.464543346592907,3.374100792195277,2.9626826404332163,2.537340300967164
1712,1712,20.861867897374818,20.861867897374818,REPUBLICAN,18.0,Illinois,3.8315483778289567,3.4944585499294614,3.041752502769037,2.7508886182248475
1713,1713,8.925863534131482,8.925863534131482,REPUBLICAN,11.0,Illinois,3.7008119872032776,3.5904385265378154,3.257681918947184,3.169052501570847
1714,1714,1.3399758634790502,-1.3399758634790502,DEMOCRAT,11.0,Illinois,3.421899359510402,3.4763447420543807,2.6962849877518096,2.595988585793163
1715,1715,46.89210988707849,46.89210988707849,REPUBLICAN,2.0,Illinois,3.441098194765756,3.441098194765756,2.8821963895315124,2.323294584297269
1716,1716,29.431717032520204,29.431717032520204,REPUBLICAN,7.0,Illinois,3.838764460927616,3.516293382782849,3.2708472873699415,3.303181547970674
1717,1717,4.0507510962170095,-4.0507510962170095,DEMOCRAT,7.0,Illinois,3.5630398917945927,3.4384170795225635,2.5556676894345958,2.2748762291958773
1718,1718,40.81999790254357,40.81999790254357,REPUBLICAN,8.0,Illinois,3.7686120936980103,3.6954489623016085,3.1351896788121625,3.227110541882564
1801,1801,16.19003633605344,-16.19003633605344,DEMOCRAT,17.0,Indiana,3.35570472144154,3.197285633149993,3.2346321059174112,3.0566475427972026
1802,1802,22.9877280887436,22.9877280887436,REPUBLICAN,22.0,Indiana,3.832082032225254,3.744731596834864,3.6715115295887415,2.507179899120932
1803,1803,35.67970627872209,35.67970627872209,REPUBLICAN,23.0,Indiana,3.2489335813011593,3.154653949665679,3.185098414241239,2.0920678370170305
1804,1804,33.24727116966752,33.24727116966752,REPUBLICAN,25.0,Indiana,3.365245423339708,3.4137354059129144,3.497950363755838,2.446623009929535
1805,1805,4.080956019085785,4.080956019085785,REPUBLICAN,19.0,Indiana,3.6475635847385535,3.6372859230626435,3.246273268555546,3.5288915425269267
1806,1806,40.89295670799146,40.89295670799146,REPUBLICAN,25.0,Indiana,3.3960060989278555,3.2907004591988382,3.3635971036469288,2.319099014311233
1807,1807,24.870473655898756,-24.870473655898756,DEMOCRAT,18.0,Indiana,3.615258359430693,3.4968049892755473,3.313902583896093,1.9344370450967412
1808,1808,37.10096470243312,37.10096470243312,REPUBLICAN,15.0,Indiana,3.8654600185513974,3.7818741385064722,3.547167884490674,2.314243212159524
1809,1809,27.71043733532384,27.71043733532384,REPUBLICAN,12.0,Indiana,3.748915714423316,3.5823912835035916,3.405074190640596,2.276567565770473
2001,2001,42.31944283068258,42.31944283068258,REPUBLICAN,36.0,Kansas,3.56545800071543,3.5794882255420455,3.5481205490614856,2.202436579400843
2002,2002,14.51436896956722,14.51436896956722,REPUBLICAN,57.0,Kansas,3.5342761104175295,3.55913595104155,3.4485139796544466,2.62434031840134
2003,2003,10.057063774006012,-10.057063774006012,DEMOCRAT,42.0,Kansas,3.373304420636357,3.1288567681597046,3.21946500132726,2.2181844945705302
2004,2004,27.304926814310477,27.304926814310477,REPUBLICAN,33.0,Kansas,3.582162504855032,3.4972926713462393,3.4815309227326114,2.5491424604149833
2101,2101,49.985691235120406,49.985691235120406,REPUBLICAN,36.0,Kentucky,3.6811578234836744,3.5128589948904594,3.3244744869892187,2.3807173558122026
2102,2102,44.69823723151285,44.69823723151285,REPUBLICAN,27.0,Kentucky,3.4930040737836148,3.3954698173559246,3.2974222887256683,2.225571631726561
2103,2103,25.33218146303828,-25.33218146303828,DEMOCRAT,18.0,Kentucky,3.9259112436363,3.7000257754800563,3.5790577811472315,2.8973693571117325
2104,2104,34.17357500084965,34.17357500084965,REPUBLICAN,30.0,Kentucky,3.6903155143495203,3.537075576577987,3.672612007448475,2.5322356191485413
2105,2105,68.41561230996409,68.41561230996409,REPUBLICAN,28.0,Kentucky,3.362087575067496,3.2403586253146672,3.1189896236296617,1.8060114858403624
2106,2106,16.365966442066323,16.365966442066323,REPUBLICAN,26.0,Kentucky,3.276027724519732,3.0531294818066503,2.973208172033149,2.3257420086941756
2201,2201,46.90559314473153,46.90559314473153,REPUBLICAN,45.0,Louisiana,3.73878188443745,3.5521530181004146,3.3456828418497087,2.791244942295252
2202,2202,48.602444302831074,-48.602444302831074,DEMOCRAT,41.0,Louisiana,3.759364471416524,3.5654966990045387,3.4011794684667573,2.9072724066183766
2203,2203,49.872986004939435,49.872986004939435,REPUBLICAN,18.0,Louisiana,3.5762465338660014,3.5762465338660014,3.5762465338660014,2.334667372428045
2204,2204,34.936622980122515,34.936622980122515,REPUBLICAN,26.0,Louisiana,3.5795213979436515,3.4955281516217833,3.4795985644688003,2.4090987284429257
2205,2205,4.380473005585051,4.380473005585051,REPUBLICAN,19.0,Louisiana,3.4853815779538815,3.4132770167910933,3.279479433545718,1.8627915984335444
2206,2206,45.49914972352646,45.49914972352646,REPUBLICAN,21.0,Louisiana,3.787963527933768,3.8334753637776964,3.60770068620733,2.4316148106980053
2501,2501,50.438403502935216,-50.438403502935216,DEMOCRAT,26.0,Massachusetts,3.519856134976692,3.4015068504831656,3.470924188185376,3.0143227264767
2502,2502,29.84998122227748,-29.84998122227748,DEMOCRAT,26.0,Massachusetts,3.635868789532384,3.6488897232149773,3.412154784303946,2.97475005558738
2503,2503,49.51572602457433,-49.51572602457433,DEMOCRAT,12.0,Massachusetts,3.6626322521297974,3.422894283394576,3.1951832695229765,2.495087742287021
2504,2504,20.856413667086272,-20.856413667086272,DEMOCRAT,29.0,Massachusetts,3.821392243787624,3.5822189687304236,3.5977273438978394,2.9524303841895216
2505,2505,46.70767905827937,-46.70767905827937,DEMOCRAT,17.0,Massachusetts,3.761904658770658,3.7287325001262155,3.7287325001262155,3.2304898061302296
2506,2506,29.980069557685596,-29.980069557685596,DEMOCRAT,15.0,Massachusetts,3.6102492030485007,3.4838584989557297,3.2761789462193094,2.844468635885519
2507,2507,69.9697402680847,-69.9697402680847,DEMOCRAT,19.0,Massachusetts,3.8505821494210815,3.788266414189588,3.863843315091401,3.5077560664061025
2508,2508,55.09923998662192,-55.09923998662192,DEMOCRAT,14.0,Massachusetts,3.330350072222436,3.305743209412548,3.1724603090322776,2.5809001054140768
2509,2509,23.974804075678243,-23.974804075678243,DEMOCRAT,20.0,Massachusetts,3.5921026476623847,3.4842940241651936,3.3020780276660484,2.6074653755879527
2401,2401,27.058787835883535,27.058787835883535,REPUBLICAN,38.0,Maryland,3.2609198314954595,3.2404876358009345,3.1063468440048734,2.7573272583627713
2402,2402,35.68425364278701,-35.68425364278701,DEMOCRAT,27.0,Maryland,3.5662362266646634,3.433313652794374,3.4303407240756756,2.962797238217194
2403,2403,39.72095839831085,-39.72095839831085,DEMOCRAT,26.0,Maryland,3.7466390397581453,3.5758229050782018,3.6183599437211886,3.294044108269646
2404,2404,59.35988311252394,-59.35988311252394,DEMOCRAT,27.0,Maryland,3.807233210825753,3.7786441907809367,3.7595290305924136,3.655369476981099
2405,2405,37.78090908862975,-37.78090908862975,DEMOCRAT,14.0,Maryland,3.675868252361584,3.5153132892285828,3.0930149670808698,2.4038713250768042
2406,2406,19.63273058722717,-19.63273058722717,DEMOCRAT,24.0,Maryland,3.615511828840182,3.574482973296664,3.376470864084547,2.899405441645898
2407,2407,43.58304279784168,-43.58304279784168,DEMOCRAT,5.0,Maryland,3.847568014663898,3.847568014663898,3.847568014663898,2.912067650532817
2408,2408,36.650240677174665,-36.650240677174665,DEMOCRAT,7.0,Maryland,3.9449669373083425,3.9449669373083425,3.9449669373083425,3.616415023920178
2301,2301,23.66082490105607,-23.66082490105607,DEMOCRAT,85.0,Maine,3.6006627254236285,3.526574906329045,3.4142330826286855,2.8492754221533247
2302,2302,5.980690148399785,-5.980690148399785,DEMOCRAT,97.0,Maine,3.6083501483656533,3.473908299786518,3.300122015272326,2.8572531427698196
2601,2601,24.80737304159589,24.80737304159589,REPUBLICAN,79.0,Michigan,3.5240534019271608,3.4830382587843545,2.799475305948933,2.7286643943189786
2602,2602,20.976969450485683,20.976969450485683,REPUBLICAN,107.0,Michigan,3.405455459546427,3.401075915346657,3.0073279611315016,2.960166040795718
2603,2603,5.919403895205729,5.919403895205729,REPUBLICAN,44.0,Michigan,3.4195817059208387,3.291419703379055,2.9120411163016,2.7996261650383607
2604,2604,32.637811625072004,32.637811625072004,REPUBLICAN,76.0,Michigan,3.5761129463181067,3.451191766422175,2.9333577830661453,2.7683250943678495
2605,2605,12.69333466285537,-12.69333466285537,DEMOCRAT,48.0,Michigan,3.6109833372578413,3.294419715566158,3.1096158045158093,3.053468493393246
2606,2606,15.676552852393266,15.676552852393266,REPUBLICAN,51.0,Michigan,3.699200056421464,3.4799266748441715,2.956708584809383,2.8329019404596782
2607,2607,17.50239498847049,17.50239498847049,REPUBLICAN,105.0,Michigan,3.541894835022535,3.195018186656642,2.8782368439199075,2.843932907939478
2608,2608,3.5945408363371496,-3.5945408363371496,DEMOCRAT,58.0,Michigan,3.4469351305513922,3.35075156214697,2.992145318420466,2.899601900787528
2609,2609,19.298100556979534,-19.298100556979534,DEMOCRAT,118.0,Michigan,3.255290151150587,3.0181826993225216,2.7271784127111967,2.6416513245395636
2610,2610,32.560409579634246,32.560409579634246,REPUBLICAN,45.0,Michigan,3.6145779760068772,3.48303475716812,2.9053007673926756,2.7915077231020593
2611,2611,2.380386837834898,-2.380386837834898,DEMOCRAT,54.0,Michigan,3.6365147637568667,3.5742387253010035,3.2250168296800497,3.0246897793850582
2612,2612,35.755543570864695,-35.755543570864695,DEMOCRAT,44.0,Michigan,3.414504031230077,3.1779463685220177,3.015416152953115,2.9898669649581175
2613,2613,59.42739213320041,-59.42739213320041,DEMOCRAT,43.0,Michigan,3.65114060594091,3.6595348727429093,3.6410397671537496,3.6738157561367357
2614,2614,60.971127918832146,-60.971127918832146,DEMOCRAT,15.0,Michigan,3.7997770770164854,3.7393372214424607,3.7997770770164854,3.728465790148894
2701,2701,3.075454920077212,3.075454920077212,REPUBLICAN,18.0,Minnesota,3.2613398521223975,3.088247834516935,2.9521389234130226,2.5234585681453656
2702,2702,2.2567088798432082,-2.2567088798432082,DEMOCRAT,16.0,Minnesota,3.5271136452310548,3.26969612942071,3.012433475843339,2.624795236449908
2703,2703,11.280581961799175,-11.280581961799175,DEMOCRAT,30.0,Minnesota,3.7170918309812566,3.4721971815209502,3.2632303677750985,3.0079399901641892
2704,2704,34.201545048494786,-34.201545048494786,DEMOCRAT,36.0,Minnesota,3.394637396046853,3.3384711900552513,3.3187465258099933,3.1597005043590456
2705,2705,38.431656157637946,-38.431656157637946,DEMOCRAT,29.0,Minnesota,3.8630042300180194,3.7095633432311352,3.784295700863064,3.3738757890659254
2706,2706,31.54154549886371,31.54154549886371,REPUBLICAN,20.0,Minnesota,3.423652035620167,3.3567647310648456,3.1040634259517303,2.635602717931641
2707,2707,13.54308525711393,13.54308525711393,REPUBLICAN,16.0,Minnesota,3.552929043761182,3.336941256101508,2.96021627061402,2.7073202454474288
2708,2708,19.196568041025017,19.196568041025017,REPUBLICAN,15.0,Minnesota,3.3307996983170898,3.3162665662868585,2.9271594130692082,2.6603118320362547
2901,2901,59.824272308339474,-59.824272308339474,DEMOCRAT,30.0,Missouri,3.5595488258893244,3.58240229112235,3.4513443575206555,3.2462564484835124
2902,2902,6.368560670126494,6.368560670126494,REPUBLICAN,26.0,Missouri,3.8852128380562996,3.8240461649337956,3.6169851799835526,2.7973380661648446
2903,2903,40.940669894046366,40.940669894046366,REPUBLICAN,14.0,Missouri,3.380382792867811,3.309895036365682,3.209856580636815,2.4024493120971195
2904,2904,37.92677683581563,37.92677683581563,REPUBLICAN,26.0,Missouri,3.631883381580124,3.4353646662914,3.4184585299134214,2.1466830816270517
2905,2905,20.21564566013109,-20.21564566013109,DEMOCRAT,32.0,Missouri,3.3560991766911648,3.0406320019602764,3.1431885447723484,2.6263802890390697
2906,2906,36.23395778411992,36.23395778411992,REPUBLICAN,12.0,Missouri,3.45951938694854,3.45951938694854,3.1592257610950094,2.4614463274894525
2907,2907,42.30007880135289,42.30007880135289,REPUBLICAN,26.0,Missouri,3.4771458572886487,3.4269443073464907,3.2796489228411425,2.1347710680697984
2908,2908,55.49229921326606,55.49229921326606,REPUBLICAN,14.0,Missouri,3.6587469905243717,3.651298691293977,3.4636031435733994,2.168886071581447
2801,2801,37.4942532189486,37.4942532189486,REPUBLICAN,52.0,Mississippi,3.739638835314409,3.6851159129057813,3.5084529731008676,2.5056645396528783
2802,2802,32.033347463614525,-32.033347463614525,DEMOCRAT,49.0,Mississippi,3.432537015735534,3.242408785533702,3.1566324772000622,2.9677790413834937
2803,2803,29.335431744118694,29.335431744118694,REPUBLICAN,36.0,Mississippi,3.5882844889611234,3.5781704146651867,3.4672599919718063,2.283890656051216
2804,2804,100.0,100.0,REPUBLICAN,27.0,Mississippi,3.5344099792610524,3.2849410772878924,3.0512332889981697,2.4975270075530056
3000,3000,12.772709967764406,12.772709967764406,REPUBLICAN,182.0,Montana,3.7080709186828402,3.6116408649231513,3.5430238953629947,2.55778192919602
3701,3701,8.353556041283008,-8.353556041283008,DEMOCRAT,129.0,North Carolina,3.5433423851381645,3.414997723848517,3.212771520621507,3.033701485021029
3702,3702,28.13049490758966,-28.13049490758966,DEMOCRAT,98.0,North Carolina,3.5963870879668733,3.385129373891957,3.1763359146015118,2.9097731645891463
3703,3703,26.768022242326616,26.768022242326616,REPUBLICAN,58.0,North Carolina,3.382717794820337,3.32743260232427,2.9350346270271586,2.5775413562806224
3704,3704,34.65999890626044,-34.65999890626044,DEMOCRAT,23.0,North Carolina,3.493212740378927,3.6191013245883767,3.2621511910882712,3.090625853557469
3705,3705,35.82067468928783,35.82067468928783,REPUBLICAN,127.0,North Carolina,3.329927227227749,3.3472654055817603,3.003114832712922,2.671047575902789
3706,3706,24.545782786291323,-24.545782786291323,DEMOCRAT,80.0,North Carolina,3.1836953243502473,3.124051953322903,2.732471065599085,2.367984499378937
3707,3707,20.65376994657326,20.65376994657326,REPUBLICAN,35.0,North Carolina,3.5943714662991417,3.3521508083692573,3.082171858974374,2.6819303332486215
3708,3708,6.567513237245602,6.567513237245602,REPUBLICAN,110.0,North Carolina,3.316419733307674,3.216466502092592,2.95329512278101,2.6116428064750448
3709,3709,11.184190990883987,11.184190990883987,REPUBLICAN,52.0,North Carolina,3.5697162688738397,3.481288008915486,3.2013909574201564,2.8637804510858507
3710,3710,37.81519535077762,37.81519535077762,REPUBLICAN,59.0,North Carolina,3.352998605540056,3.261513900758694,2.9334360697276214,2.448608978630027
3711,3711,12.160970353997046,12.160970353997046,REPUBLICAN,41.0,North Carolina,3.4577951484757974,3.5097582109899697,3.259066149722977,2.816462978726283
3712,3712,100.0,-100.0,DEMOCRAT,31.0,North Carolina,3.613192191069419,3.4916450545935165,3.41032909182079,3.3804368205104462
3713,3713,36.36379875722506,36.36379875722506,REPUBLICAN,13.0,North Carolina,3.238719374706357,3.085388075278349,2.636756493359974,2.421301531469867
3800,3800,41.41165023425329,41.41165023425329,REPUBLICAN,167.0,North Dakota,3.673956678456027,3.631892441633484,3.6416044797626808,2.6648452487244594
3101,3101,21.8486865722401,21.8486865722401,REPUBLICAN,85.0,Nebraska,3.7830131138088086,3.7419138664278373,3.671218692751352,2.8501297445534473
3102,3102,4.559861349350966,4.559861349350966,REPUBLICAN,52.0,Nebraska,3.6195067958822125,3.4809711474572245,3.4785709730447585,2.839739726422544
3103,3103,60.838651183875584,60.838651183875584,REPUBLICAN,44.0,Nebraska,3.6529847480760433,3.7000437954058536,3.553109709917899,2.574716855840143
3301,3301,5.103316769039163,-5.103316769039163,DEMOCRAT,108.0,New Hampshire,3.650580385757773,3.5668815084643106,3.505712582221823,2.688465648748118
3302,3302,10.196381853892316,-10.196381853892316,DEMOCRAT,77.0,New Hampshire,3.641745702505145,3.466374445449042,3.3564720538516792,2.704112796651183
3401,3401,24.96013297665117,-24.96013297665117,DEMOCRAT,18.0,New Jersey,3.379244717924415,3.21840612521084,3.3146090150140326,2.7882345149909717
3402,3402,5.756784677609966,5.756784677609966,REPUBLICAN,13.0,New Jersey,2.803059912598996,2.7982133786223296,2.6004258856286224,2.243358412671219
3403,3403,7.7619151291683846,-7.7619151291683846,DEMOCRAT,15.0,New Jersey,3.024738263905898,3.0067904734565483,2.9264498746847303,2.2662488521577964
3404,3404,21.604597896165593,21.604597896165593,REPUBLICAN,17.0,New Jersey,3.61013435038488,3.6906722184866156,3.448197637097321,3.2841139633629557
3405,3405,7.5163583831402425,-7.5163583831402425,DEMOCRAT,14.0,New Jersey,3.2747409619984724,3.246605040115023,3.103730954788724,2.734360826305319
3406,3406,22.33033504080782,-22.33033504080782,DEMOCRAT,19.0,New Jersey,3.440619033192951,3.4258836171367455,3.4258836171367455,3.215202017487453
3407,3407,1.2238821791601278,-1.2238821791601278,DEMOCRAT,29.0,New Jersey,3.2392854593502016,3.0454424546758836,3.0373346431166324,2.6176207904751267
3408,3408,49.449477118434665,-49.449477118434665,DEMOCRAT,11.0,New Jersey,3.6209646899415886,3.635480941418792,3.8218963223995646,3.396243532331657
3409,3409,33.9356210142727,-33.9356210142727,DEMOCRAT,8.0,New Jersey,2.4157937103394445,2.336608715691181,2.336608715691181,2.1475265448917726
3410,3410,69.38543286587657,-69.38543286587657,DEMOCRAT,8.0,New Jersey,3.569964518894553,3.7754855717601274,3.7754855717601274,3.7754855717601274
3411,3411,6.607340381163073,-6.607340381163073,DEMOCRAT,9.0,New Jersey,3.0715885574588984,3.0377376606968527,3.031920897857447,2.567002845100131
3412,3412,33.06333072713057,-33.06333072713057,DEMOCRAT,9.0,New Jersey,3.694856455290075,3.804160949572195,3.694856455290075,3.429149605515553
3501,3501,7.606425040947999,-7.606425040947999,DEMOCRAT,91.0,New Mexico,3.4092453083072995,3.2246217664240553,3.1765759983336226,2.8766744935980224
3502,3502,3.166101205515051,3.166101205515051,REPUBLICAN,48.0,New Mexico,3.5750935812993587,3.4784755072035467,3.3445551501548296,2.911494951531741
3503,3503,7.696163787144854,-7.696163787144854,DEMOCRAT,35.0,New Mexico,3.7225899448283877,3.5408136115974136,3.282960212613905,2.7121625735517902
3201,3201,28.39350754660347,-28.39350754660347,DEMOCRAT,277.0,Nevada,3.3905723403787014,3.169464253721037,3.1064668592087497,2.975647929296551
3202,3202,15.757056285653809,15.757056285653809,REPUBLICAN,229.0,Nevada,3.425547513982227,3.156809631009478,2.9148076277621646,2.766512771592445
3203,3203,2.9828496927516226,-2.9828496927516226,DEMOCRAT,223.0,Nevada,3.4246151453522606,3.2076232333892545,3.1655388354438303,3.0436051240521182
3204,3204,4.864513683982566,-4.864513683982566,DEMOCRAT,131.0,Nevada,3.296354683629338,3.0059766804421373,2.842240093800393,2.7601317022256495
3601,3601,3.7660593496604897,3.7660593496604897,REPUBLICAN,11.0,New York,3.2914014305967867,3.3056916040497337,3.0188506281999254,2.84819773730814
3602,3602,2.1484315471177524,2.1484315471177524,REPUBLICAN,5.0,New York,2.7632961865515884,2.8089332011518175,2.579997391610301,2.2054918095558853
3603,3603,6.7709373328734666,-6.7709373328734666,DEMOCRAT,3.0,New York,2.7807372869519837,2.7807372869519837,2.7807372869519837,2.5089497907499942
3604,3604,15.636533641546432,-15.636533641546432,DEMOCRAT,2.0,New York,4.0,4.0,4.0,4.0
3605,3605,65.46531418557873,-65.46531418557873,DEMOCRAT,5.0,New York,3.5595848972314306,3.5595848972314306,3.4271560551862685,3.6027134738645135
3606,3606,30.627713001967994,-30.627713001967994,DEMOCRAT,4.0,New York,3.7693173892677168,4.000000000000001,4.000000000000001,3.4989893416714852
3607,3607,52.177370316665886,-52.177370316665886,DEMOCRAT,9.0,New York,3.2426241499011508,3.326391226750991,3.326391226750991,3.326391226750991
3608,3608,58.79118763889618,-58.79118763889618,DEMOCRAT,5.0,New York,4.0,4.0,4.0,3.838556810286306
3609,3609,54.15501092508316,-54.15501092508316,DEMOCRAT,2.0,New York,4.0,3.507321303762656,3.507321303762656,1.4926786962373435
3610,3610,41.56261889115623,-41.56261889115623,DEMOCRAT,13.0,New York,3.6832116792848195,3.590484100349658,3.663407825842232,3.292747419373401
3611,3611,2.9185235821351183,2.9185235821351183,REPUBLICAN,5.0,New York,3.02319629301882,3.02319629301882,2.5919440928987205,2.5919440928987205
3612,3612,64.27506627905939,-64.27506627905939,DEMOCRAT,3.0,New York,3.5648241755155787,4.0,4.0,4.0
3613,3613,65.10762023080723,-65.10762023080723,DEMOCRAT,4.0,New York,3.657970992467223,3.2031728360339513,3.37418733980034,3.486956488700834
3614,3614,44.80280487095894,-44.80280487095894,DEMOCRAT,4.0,New York,3.763167719157105,3.5263354383142103,3.5263354383142103,2.4998558075404436
3615,3615,75.19742264179217,-75.19742264179217,DEMOCRAT,4.0,New York,4.0,4.0,4.0,3.7212799539077914
3616,3616,66.67142749755695,-66.67142749755695,DEMOCRAT,3.0,New York,3.75826938905737,3.5133225688125496,3.5133225688125496,1.7550531797551796
3617,3617,19.34418713966127,-19.34418713966127,DEMOCRAT,6.0,New York,3.2954186995050008,3.2954186995050008,2.9613622320673767,2.4701139496614823
3618,3618,11.884954783209283,-11.884954783209283,DEMOCRAT,8.0,New York,3.8823733391754938,3.8823733391754938,3.6515338735801954,3.234404758052952
3619,3619,4.536852818188445,-4.536852818188445,DEMOCRAT,12.0,New York,3.838293584629785,3.5949804302830524,3.1447052054109204,2.131453767693255
3620,3620,19.82608318984655,-19.82608318984655,DEMOCRAT,5.0,New York,4.0,3.4970355081991586,3.156839803664811,3.02401116242284
3621,3621,14.506321576234926,14.506321576234926,REPUBLICAN,8.0,New York,3.345485284745503,3.345485284745503,3.2383997945035743,2.8222140003727767
3622,3622,1.3452022243453126,1.3452022243453126,REPUBLICAN,9.0,New York,3.898320697994103,3.5155428446246013,3.5155428446246013,3.3188962028296953
3623,3623,14.12527197814916,14.12527197814916,REPUBLICAN,12.0,New York,3.285282803360198,3.4260946580934997,2.971378810440826,2.6230959615183482
3624,3624,2.381729941869546,2.381729941869546,REPUBLICAN,4.0,New York,2.5610675452442937,2.565817216111387,2.3400164477628036,2.1094660085471264
3625,3625,19.479444820987705,-19.479444820987705,DEMOCRAT,8.0,New York,3.4625107943295843,3.2703777626981143,3.2805289520765517,2.768327212457402
3626,3626,32.75488904350915,-32.75488904350915,DEMOCRAT,14.0,New York,3.6761748509287355,3.607729542582494,3.548323570706858,3.1100425297605265
3627,3627,14.056821977392758,14.056821977392758,REPUBLICAN,3.0,New York,3.4161667198726664,3.4161667198726664,2.8340109204333794,2.8340109204333794
3901,3901,7.1474363133784085,7.1474363133784085,REPUBLICAN,97.0,Ohio,3.56839853427028,3.5379509084149596,3.4447431211752693,2.789159710056207
3902,3902,22.173477394181017,22.173477394181017,REPUBLICAN,31.0,Ohio,3.5702094090499537,3.64183962150836,3.5870687138648782,2.920318892056844
3903,3903,41.6861833991504,-41.6861833991504,DEMOCRAT,102.0,Ohio,3.5768528030475903,3.494082483253608,3.5233618181383726,2.99777501391707
3904,3904,38.54084562144374,38.54084562144374,REPUBLICAN,72.0,Ohio,3.597822415810769,3.487759056398636,3.372529958523533,2.752174229078513
3905,3905,35.99572465282647,35.99572465282647,REPUBLICAN,62.0,Ohio,3.48385889518607,3.44857143066598,3.3580103727346264,2.2882738763698667
3906,3906,48.82717874733789,48.82717874733789,REPUBLICAN,70.0,Ohio,3.4626937452201867,3.4654036463802935,3.324698694180023,2.2572109104290123
3907,3907,38.32160411240654,38.32160411240654,REPUBLICAN,70.0,Ohio,3.642626563447034,3.596570981687737,3.49632563897184,2.774264279617431
3908,3908,37.94157751353047,37.94157751353047,REPUBLICAN,39.0,Ohio,3.710260100408607,3.45917417276598,3.3544298551517415,2.5946204875433727
3909,3909,26.16154988202232,-26.16154988202232,DEMOCRAT,65.0,Ohio,3.7662281831587627,3.6904367900641284,3.62691357853002,3.130446044161789
3910,3910,16.71361399432248,16.71361399432248,REPUBLICAN,36.0,Ohio,3.6445887793674228,3.5217795605323956,3.445567694189693,2.9635061008236288
3911,3911,60.106606353394774,-60.106606353394774,DEMOCRAT,86.0,Ohio,3.5417658781429178,3.4210156059670447,3.3790974173617063,2.9292618923715668
3912,3912,13.467391105668172,13.467391105668172,REPUBLICAN,24.0,Ohio,3.72900524426401,3.743409804886941,3.543738488706613,3.1499310248695394
3913,3913,7.552274630366897,-7.552274630366897,DEMOCRAT,53.0,Ohio,3.302192249916008,3.2956497634758475,3.199766846119065,2.784924893346067
3914,3914,20.198263932570136,20.198263932570136,REPUBLICAN,33.0,Ohio,3.6822594228842895,3.5450940101247195,3.4198906532932445,2.494793774138035
3915,3915,26.846758016595324,26.846758016595324,REPUBLICAN,23.0,Ohio,3.6584058339264445,3.56460699597208,3.6190186847465546,2.9016208379195376
3916,3916,26.382835214585366,26.382835214585366,REPUBLICAN,9.0,Ohio,3.7164783848151774,3.4815815167312207,3.5106623045571785,2.4740529348294507
4001,4001,31.018776585755546,31.018776585755546,REPUBLICAN,35.0,Oklahoma,3.719360995178143,3.7416949038288063,3.720888733805142,2.460893525377335
4002,4002,53.041483119430765,53.041483119430765,REPUBLICAN,38.0,Oklahoma,3.6942103766000813,3.5940373972786857,3.559797499808141,1.9264606292189537
4003,4003,56.98206211308696,56.98206211308696,REPUBLICAN,33.0,Oklahoma,3.7006314560091798,3.6739966627945284,3.626094172322975,2.473319046278638
4004,4004,39.011890901456304,39.011890901456304,REPUBLICAN,45.0,Oklahoma,3.447214389998071,3.2848533190531737,3.353187147200053,2.4448249916587046
4005,4005,4.124746173263693,4.124746173263693,REPUBLICAN,21.0,Oklahoma,3.6137709488805676,3.4966041370071093,3.4201820327654775,2.3479353892764583
4101,4101,29.38536504754305,-29.38536504754305,DEMOCRAT,41.0,Oregon,3.3410514650035963,3.3045819679134514,3.168553214416127,2.939377301831372
4102,4102,22.9441251505685,22.9441251505685,REPUBLICAN,29.0,Oregon,3.0223829698397613,3.0592820732572052,2.6917995377279897,2.400895094067245
4103,4103,49.522003970193786,-49.522003970193786,DEMOCRAT,38.0,Oregon,3.4334666324398135,3.387092694069571,3.30050186501754,2.9016934059059545
4104,4104,5.3172405683069455,-5.3172405683069455,DEMOCRAT,40.0,Oregon,3.4835602948557423,3.5591793289234044,3.384689998829035,3.0628275376986447
4105,4105,6.736169103449495,-6.736169103449495,DEMOCRAT,31.0,Oregon,3.404170350099794,3.43834718675299,3.4676230120931084,2.967108538613131
4201,4201,13.115633752114093,13.115633752114093,REPUBLICAN,55.0,Pennsylvania,3.5644489202662064,3.398311991957118,2.870641368307063,2.8030265245817327
4202,4202,45.07142281869367,-45.07142281869367,DEMOCRAT,33.0,Pennsylvania,3.4868444331340904,3.1315568647292964,3.108289331016146,3.0848756583775896
4203,4203,82.0602644260867,-82.0602644260867,DEMOCRAT,49.0,Pennsylvania,3.6498034644118413,3.6563216593687606,3.526661822222691,3.522874669962783
4204,4204,19.054892107530318,-19.054892107530318,DEMOCRAT,39.0,Pennsylvania,3.341791112050726,3.036174499137295,2.609245535059498,2.5612618702517573
4205,4205,29.393490937148204,-29.393490937148204,DEMOCRAT,41.0,Pennsylvania,3.5551722398159495,3.444810198475566,3.133856974050824,3.0970294284275917
4206,4206,12.108444770104414,-12.108444770104414,DEMOCRAT,43.0,Pennsylvania,3.5707252197104196,3.3671993334577346,3.061821859525054,3.024425901325494
4207,4207,3.7327333223661516,-3.7327333223661516,DEMOCRAT,42.0,Pennsylvania,3.3801464952764384,3.183733357951114,2.774852682273185,2.682223938829472
4208,4208,3.5548173723846452,-3.5548173723846452,DEMOCRAT,46.0,Pennsylvania,3.4331244209612644,3.2220574551211705,2.8316034185796832,2.7342556214612506
4209,4209,32.660695678910415,32.660695678910415,REPUBLICAN,52.0,Pennsylvania,3.403648848946707,3.2501357803358575,2.512203127943006,2.404984732909975
4210,4210,6.624744151860226,6.624744151860226,REPUBLICAN,53.0,Pennsylvania,3.4251455906801063,3.3054301849446945,2.88061707780978,2.8727406392316395
4211,4211,26.247260202484085,26.247260202484085,REPUBLICAN,32.0,Pennsylvania,3.6328525817231556,3.358621462681301,3.107742019411925,2.936133714160808
4212,4212,41.68777958699013,41.68777958699013,REPUBLICAN,49.0,Pennsylvania,3.397061386635313,3.256757033856074,2.5806879429183933,2.4792025884756432
4213,4213,46.9748985321116,46.9748985321116,REPUBLICAN,60.0,Pennsylvania,3.5203226506860976,3.308273882467423,2.613009794772432,2.5871428687159077
4214,4214,29.389185268066264,29.389185268066264,REPUBLICAN,71.0,Pennsylvania,3.5014135074971073,3.1756001497586848,2.7671731676839215,2.663840275578738
4215,4215,46.91688699188396,46.91688699188396,REPUBLICAN,62.0,Pennsylvania,3.508251424631562,3.358467361335458,2.4482371201012545,2.5495423004627193
4216,4216,18.67702301934755,18.67702301934755,REPUBLICAN,38.0,Pennsylvania,3.4684440272571733,3.309814757131596,3.033868357706864,2.8704434228293203
4217,4217,2.2941659743589153,-2.2941659743589153,DEMOCRAT,73.0,Pennsylvania,3.5260646807980747,3.371781248654893,3.1525447575526058,3.088795152985417
4218,4218,38.496331786585195,-38.496331786585195,DEMOCRAT,24.0,Pennsylvania,3.2631896561118214,3.228647596075284,3.0230804925396555,3.0383268836704898
4401,4401,54.98659876708657,-54.98659876708657,DEMOCRAT,102.0,Rhode Island,3.5259734051148874,3.493321827554151,3.4312288187434126,3.111668257902692
4402,4402,16.704150712322864,-16.704150712322864,DEMOCRAT,57.0,Rhode Island,3.7526640940730114,3.626588060759475,3.5716045410732633,3.051616723493848
4501,4501,1.2678203090063238,1.2678203090063238,REPUBLICAN,28.0,South Carolina,3.723136623211663,3.518093756412502,3.4593801469955023,2.5833967423193624
4502,4502,13.068379940419808,13.068379940419808,REPUBLICAN,34.0,South Carolina,3.584066878651184,3.430410705805671,3.4985603471209803,2.4610003933445808
4503,4503,42.52017603818158,42.52017603818158,REPUBLICAN,30.0,South Carolina,3.619189603575094,3.2689807490746734,3.2301902008318955,2.087595054196549
4504,4504,24.713077243100816,24.713077243100816,REPUBLICAN,19.0,South Carolina,3.497400435770256,3.380639986464882,3.2869666063865552,2.0719404582393195
4505,4505,20.211708686226647,20.211708686226647,REPUBLICAN,28.0,South Carolina,3.855029864711967,3.6629866218574745,3.683112908753244,2.5920874456262117
4506,4506,37.36160164058373,-37.36160164058373,DEMOCRAT,7.0,South Carolina,3.1314181239551186,3.0678553732843055,3.0678553732843055,2.5324114542302936
4507,4507,23.656173868620755,23.656173868620755,REPUBLICAN,28.0,South Carolina,3.1361333201637716,3.151055732847982,3.173027076697089,1.9495713827727918
4600,4600,61.91002986935926,61.91002986935926,REPUBLICAN,166.0,South Dakota,3.7180976298038924,3.674168011429007,3.6536064423279693,2.439388455688556
4701,4701,52.243609682309454,52.243609682309454,REPUBLICAN,25.0,Tennessee,3.801188803594239,3.5574703361371527,3.3791922263245917,2.5735833099246674
4702,4702,36.58666409963844,36.58666409963844,REPUBLICAN,20.0,Tennessee,3.8033186459290333,3.5459934091850207,3.634980565827557,2.2858565152975974
4703,4703,36.80436092526046,36.80436092526046,REPUBLICAN,8.0,Tennessee,3.5944548838624675,3.477868600813378,3.477868600813378,2.8651522525217916
4704,4704,33.33055315599774,33.33055315599774,REPUBLICAN,25.0,Tennessee,3.6790211981374994,3.759544191375313,3.73170717916417,2.481861585878604
4705,4705,99.98929289484433,-99.98929289484433,DEMOCRAT,29.0,Tennessee,3.7840459893519176,3.5617553988210995,3.5285340801509433,2.871823738316108
4706,4706,49.69420272442774,49.69420272442774,REPUBLICAN,18.0,Tennessee,3.4304720869901275,3.437479576827435,3.297888035857078,2.278411747568609
4707,4707,42.59386541560312,42.59386541560312,REPUBLICAN,24.0,Tennessee,3.7265609797042125,3.6960071157303718,3.4760028689420075,1.9909443006776684
4708,4708,38.97086963203587,38.97086963203587,REPUBLICAN,17.0,Tennessee,3.903116102860659,3.764176487193144,3.827324780983725,2.60763995349002
4709,4709,57.2657279314888,-57.2657279314888,DEMOCRAT,9.0,Tennessee,3.8897088294651483,3.720244579705021,3.39054132273889,3.376229316541647
4801,4801,45.15726261965634,45.15726261965634,REPUBLICAN,5.0,Texas,4.0,4.0,4.0,3.0255304754055454
4802,4802,12.821074854496056,12.821074854496056,REPUBLICAN,15.0,Texas,3.4839363832330164,3.430386832305876,3.471489884634511,3.1989130820826728
4803,4803,12.196631079024632,12.196631079024632,REPUBLICAN,6.0,Texas,3.9999999999999996,3.695351598539325,2.9138665652693745,2.0854266210042227
4804,4804,52.548674819347376,52.548674819347376,REPUBLICAN,4.0,Texas,3.275189576993246,3.0,2.590419807778684,2.7952099038893423
4805,4805,26.066195219194544,26.066195219194544,REPUBLICAN,3.0,Texas,3.7697353697390183,3.7697353697390183,3.7697353697390183,3.309206109217055
4806,4806,8.81697216405092,8.81697216405092,REPUBLICAN,7.0,Texas,4.0,3.1738697306003236,3.06251433570227,2.794475487477266
4807,4807,3.3346597692001594,-3.3346597692001594,DEMOCRAT,4.0,Texas,3.659214609162867,3.659214609162867,3.659214609162867,3.659214609162867
4808,4808,47.04095212447479,47.04095212447479,REPUBLICAN,6.0,Texas,3.1649425000846954,3.44100624921576,3.0037573333930894,2.6386270134571395
4809,4809,53.84514659089421,-53.84514659089421,DEMOCRAT,4.0,Texas,3.708285386530294,3.708285386530294,3.1671198942882497,3.4165707730605877
4810,4810,7.134676994592819,7.134676994592819,REPUBLICAN,9.0,Texas,3.493626154484771,3.884982251142458,3.4247564034080784,3.1062138319986348
4811,4811,61.40869785758106,61.40869785758106,REPUBLICAN,7.0,Texas,3.8606903213831787,3.6633366628759143,2.814713292296454,1.8400902738551983
4812,4812,30.680260802515384,30.680260802515384,REPUBLICAN,8.0,Texas,3.7199596631165557,3.608216917062237,2.9905446913543057,2.662267318510717
4813,4813,60.92947921084575,60.92947921084575,REPUBLICAN,4.0,Texas,2.7915430911890766,2.3746292735672307,3.0,1.7061329671963554
4814,4814,23.281626579104863,23.281626579104863,REPUBLICAN,3.0,Texas,3.092652678680964,2.9728056618986898,2.404166565154413,1.688486113526551
4815,4815,2.8778989764849268,-2.8778989764849268,DEMOCRAT,4.0,Texas,3.7528460096154337,3.2227454684619192,2.6926449273084034,2.3267510321268206
4816,4816,29.44052008701714,-29.44052008701714,DEMOCRAT,3.0,Texas,3.341678909857585,3.341678909857585,3.341678909857585,3.341678909857585
4817,4817,14.932887546313948,14.932887546313948,REPUBLICAN,8.0,Texas,3.4868973613595005,3.365751059799869,3.1252965079870823,2.2193215355852494
4818,4818,49.785941392089754,-49.785941392089754,DEMOCRAT,6.0,Texas,3.5620010417503205,2.950033633759167,3.371076915772638,2.90071850542552
4819,4819,51.92000060365514,51.92000060365514,REPUBLICAN,3.0,Texas,3.1491964531521335,3.432797635434756,2.857632785104025,1.0
4820,4820,31.563627767127283,-31.563627767127283,DEMOCRAT,3.0,Texas,3.3614607223022928,2.712630666620357,3.4252613332407136,1.722921444604586
4821,4821,6.602754820936639,6.602754820936639,REPUBLICAN,7.0,Texas,3.5469138930108537,3.27730095992153,3.0883217170553996,2.803364385640813
4822,4822,6.925900874406933,6.925900874406933,REPUBLICAN,2.0,Texas,3.0,3.3030361050873487,2.9545541576310232,2.9545541576310232
4823,4823,3.9606440192650707,3.9606440192650707,REPUBLICAN,1.0,Texas,4.0,4.0,4.0,1.0
4824,4824,1.3324767964746338,1.3324767964746338,REPUBLICAN,4.0,Texas,3.103433278223294,3.2732253856236238,3.054539234835017,3.17414944023385
4825,4825,13.821555538049873,13.821555538049873,REPUBLICAN,4.0,Texas,3.4111016854351424,2.4827935545995987,2.717185010765359,2.6359686274342726
4826,4826,23.3573568710017,23.3573568710017,REPUBLICAN,6.0,Texas,3.6464506191666026,3.6464506191666026,2.9309738369998657,3.0637678763315166
4827,4827,28.120093832455634,28.120093832455634,REPUBLICAN,7.0,Texas,3.364702287810618,3.094006953014236,3.4205595225748513,3.059896496418896
4828,4828,19.3216702566103,-19.3216702566103,DEMOCRAT,1.0,Texas,4.0,4.0,3.0,1.0
4830,4830,59.079118518966666,-59.079118518966666,DEMOCRAT,4.0,Texas,3.756272369148855,3.756272369148855,3.081577070530407,3.418924719839631
4831,4831,9.144921455972387,9.144921455972387,REPUBLICAN,8.0,Texas,3.0045502719539177,3.37486253374208,2.7995437853932135,1.7362098805433985
4834,4834,13.590214249827138,-13.590214249827138,DEMOCRAT,2.0,Texas,3.3861841620793607,3.3861841620793607,3.3861841620793607,3.3861841620793607
4836,4836,49.34539529134124,49.34539529134124,REPUBLICAN,4.0,Texas,3.8850864308094355,3.7701728616188706,3.5457135981734775,1.2298271383811288
4901,4901,39.080943242461686,39.080943242461686,REPUBLICAN,51.0,Utah,3.6778483984409753,3.711683873811603,3.550022282586642,2.7703671572091153
4902,4902,22.368614210217263,22.368614210217263,REPUBLICAN,55.0,Utah,3.2697325130787496,3.150390132404238,3.175680719885286,2.4327166431826157
4903,4903,41.96034291095404,41.96034291095404,REPUBLICAN,61.0,Utah,3.5573313607451884,3.5228318139175188,3.4490511678330207,2.7778353694888693
4904,4904,0.9993894831842434,0.9993894831842434,REPUBLICAN,16.0,Utah,3.6766964481502513,3.483403333511342,3.614964973865044,2.8198991654494705
5101,5101,16.44235103017105,16.44235103017105,REPUBLICAN,34.0,Virginia,3.5933704016464194,3.507047625065448,3.3918298273379577,2.9971999674197067
5102,5102,5.746134224499482,-5.746134224499482,DEMOCRAT,15.0,Virginia,2.993982510896615,3.135994975557482,3.061595551510672,2.8138615789713213
5103,5103,36.918980199847084,-36.918980199847084,DEMOCRAT,17.0,Virginia,3.4666076045287477,3.512774533824573,3.3820599025085487,3.0282463110362943
5104,5104,23.385248310314427,-23.385248310314427,DEMOCRAT,9.0,Virginia,3.4781452789952976,3.19124708060598,3.123559241247819,2.6211202319081646
5105,5105,5.138485323762108,5.138485323762108,REPUBLICAN,16.0,Virginia,3.788870813211054,3.675039353511065,3.338671830311747,3.2283235222649296
5106,5106,29.301516711060128,29.301516711060128,REPUBLICAN,13.0,Virginia,3.2459513741900414,3.156561523221717,2.8655532828663337,2.3001893254868806
5107,5107,1.8202267469884823,-1.8202267469884823,DEMOCRAT,11.0,Virginia,3.6277370854176616,3.0210072082747623,3.0210072082747623,2.741665952481226
5108,5108,51.814353417390535,-51.814353417390535,DEMOCRAT,24.0,Virginia,3.6518861684579185,3.6882782010116744,3.3662900284962354,3.4398343467121766
5109,5109,87.95398134640514,87.95398134640514,REPUBLICAN,12.0,Virginia,2.9129777379999573,2.878644655326199,2.606286221847003,1.8506637906735897
5110,5110,13.13879204114849,-13.13879204114849,DEMOCRAT,15.0,Virginia,3.483764797647119,2.9122048295162286,2.7626455634033444,2.288206112517606
5111,5111,43.06392263268581,-43.06392263268581,DEMOCRAT,8.0,Virginia,3.680905344993549,3.5715028581894397,3.680905344993549,2.9258433960671923
5000,5000,38.54699057600656,-38.54699057600656,DEMOCRAT,177.0,Vermont,3.6974325621739226,3.58946834775373,3.5362956320989736,3.03118062707813
5301,5301,17.227347479981823,-17.227347479981823,DEMOCRAT,25.0,Washington,3.278960583732762,3.1637733695097157,3.187931032293051,2.858420853013857
5302,5302,26.413378217391088,-26.413378217391088,DEMOCRAT,13.0,Washington,3.3611654515111904,3.426717989169482,3.4901421546158495,3.083753891158003
5303,5303,12.977174128924654,12.977174128924654,REPUBLICAN,25.0,Washington,3.2683236540220624,3.197918886994552,2.9954650625583663,2.831312511271557
5304,5304,32.57551684940527,32.57551684940527,REPUBLICAN,16.0,Washington,3.3663398570600553,3.4767425000475054,3.1847339395493077,2.678032660015329
5305,5305,22.77129290731032,22.77129290731032,REPUBLICAN,19.0,Washington,2.8800664170811205,3.0357298146978033,2.9129071597288427,2.6051257082208297
5306,5306,18.85018791225648,-18.85018791225648,DEMOCRAT,22.0,Washington,3.5453276553407576,3.5159017673167785,3.4472313983324727,3.252381677958533
5307,5307,66.21525440443166,-66.21525440443166,DEMOCRAT,19.0,Washington,3.7183662737142193,3.6448878398552855,3.74520084268422,3.2984822426190368
5308,5308,3.566991497457002,-3.566991497457002,DEMOCRAT,18.0,Washington,3.460341598914937,3.2827252522871286,3.3313199913569815,2.9094936932918043
5309,5309,48.43833261710357,-48.43833261710357,DEMOCRAT,10.0,Washington,3.63733863967623,3.56503682475552,3.56503682475552,3.172455621634442
5310,5310,13.77674372148634,-13.77674372148634,DEMOCRAT,10.0,Washington,3.7070246425493845,3.5147445343701085,3.236320434423598,3.0959950675191497
5501,5501,18.693279967343198,18.693279967343198,REPUBLICAN,164.0,Wisconsin,3.499641054828663,3.2569691575293542,2.928248906343249,2.6816293994006424
5502,5502,39.41711048654323,-39.41711048654323,DEMOCRAT,151.0,Wisconsin,3.649667956829612,3.560982922260071,3.3020788483560755,3.1732632030945678
5503,5503,2.6554214641007343,-2.6554214641007343,DEMOCRAT,109.0,Wisconsin,3.6128300127135677,3.5237515994887723,2.8400645885241675,2.6895377152518583
5504,5504,51.941147973833566,-51.941147973833566,DEMOCRAT,102.0,Wisconsin,3.6722530882884863,3.493897682939816,3.3631334394737173,3.2730956787539105
5505,5505,20.274502433202972,20.274502433202972,REPUBLICAN,73.0,Wisconsin,3.69086238120532,3.419760182225586,2.745490429194949,2.6120591318430173
5506,5506,18.504560747570867,18.504560747570867,REPUBLICAN,105.0,Wisconsin,3.650905539957851,3.4549748884283127,2.9941322789977503,2.8212043517351932
5507,5507,21.51939605837974,21.51939605837974,REPUBLICAN,92.0,Wisconsin,3.6336489977199946,3.5628740634792195,2.913626696363456,2.7791810448827285
5508,5508,28.387796227245964,28.387796227245964,REPUBLICAN,86.0,Wisconsin,3.6385737725747624,3.585177868360236,3.184759188760329,2.941826497464724
5401,5401,37.94507933960714,37.94507933960714,REPUBLICAN,58.0,West Virginia,3.559355398090608,3.5709393435162875,3.526394639250541,2.4305977060507824
5402,5402,26.152955742617053,26.152955742617053,REPUBLICAN,49.0,West Virginia,3.6523135155556763,3.4924112495054245,3.4781814756011107,2.3344835702057334
5403,5403,42.642984453032625,42.642984453032625,REPUBLICAN,60.0,West Virginia,3.6507539100119732,3.5928677762503907,3.4957735426060865,2.3154856764580787
5600,5600,42.78445833617591,42.78445833617591,REPUBLICAN,159.0,Wyoming,3.6030666289996622,3.528710037770436,3.585587500628036,2.0881859271388943
